model,swept_var,0,1,5,7,10
CMA,distance_weight,-78.60 +/- 5.67,-115.30 +/- 5.76,-262.09 +/- 6.12,-335.48 +/- 6.30,-445.57 +/- 6.56
CMA,energy_weight,-111.13 +/- 5.53,-115.30 +/- 5.76,-134.26 +/- 3.63,-139.85 +/- 6.98,-152.13 +/- 7.87
CMA,traffic_weight,-40.79 +/- 0.47,-115.99 +/- 4.90,-410.92 +/- 31.18,-562.35 +/- 39.14,-785.87 +/- 55.84
DQN,distance_weight,-73.87 +/- 3.22,-110.86 +/- 3.20,-258.65 +/- 2.97,-332.54 +/- 2.86,-443.38 +/- 2.70
DQN,energy_weight,-106.51 +/- 3.39,-110.86 +/- 3.20,-128.28 +/- 3.56,-136.99 +/- 4.27,-150.05 +/- 5.67
DQN,traffic_weight,-41.30 +/- 0.65,-110.86 +/- 3.20,-389.12 +/- 16.95,-528.24 +/- 23.84,-736.93 +/- 34.18
REINFORCE,distance_weight,-61.16 +/- 3.19,-97.72 +/- 3.19,-243.89 +/- 3.22,-316.99 +/- 3.03,-426.58 +/- 3.08
REINFORCE,energy_weight,-93.64 +/- 3.26,-97.65 +/- 3.14,-114.03 +/- 3.77,-122.14 +/- 4.35,-134.45 +/- 5.58
REINFORCE,traffic_weight,-40.63 +/- 0.52,-97.70 +/- 3.16,-325.97 +/- 15.29,-440.35 +/- 22.12,-612.25 +/- 32.58
